model,c1,c2,severity,drop_c1,drop_c2,drop_combined,expected_additive,interaction,interaction_type
ViT-B-32,gaussian_noise,motion_blur,1,0.477,0.33,0.634,0.8069999999999999,-0.17299999999999993,subadditive
ViT-B-32,gaussian_noise,fog,1,0.477,0.22499999999999998,0.614,0.702,-0.08799999999999997,subadditive
ViT-B-32,gaussian_noise,jpeg_compression,1,0.477,0.463,0.528,0.94,-0.4119999999999999,subadditive
ViT-B-32,gaussian_noise,brightness,1,0.477,0.015000000000000013,0.492,0.492,0.0,additive
ViT-B-32,gaussian_noise,contrast,1,0.477,0.10499999999999998,0.515,0.582,-0.06699999999999995,subadditive
ViT-B-32,gaussian_noise,shot_noise,1,0.477,0.508,0.613,0.985,-0.372,subadditive
ViT-B-32,motion_blur,fog,1,0.33,0.22499999999999998,0.63,0.5549999999999999,0.07500000000000007,superadditive
ViT-B-32,motion_blur,jpeg_compression,1,0.33,0.463,0.597,0.793,-0.19600000000000006,subadditive
ViT-B-32,motion_blur,brightness,1,0.33,0.015000000000000013,0.361,0.34500000000000003,0.01599999999999996,superadditive
ViT-B-32,motion_blur,contrast,1,0.33,0.10499999999999998,0.493,0.435,0.057999999999999996,superadditive
ViT-B-32,motion_blur,shot_noise,1,0.33,0.508,0.705,0.8380000000000001,-0.13300000000000012,subadditive
ViT-B-32,fog,jpeg_compression,1,0.22499999999999998,0.463,0.6930000000000001,0.688,0.0050000000000001155,superadditive
ViT-B-32,fog,brightness,1,0.22499999999999998,0.015000000000000013,0.256,0.24,0.016000000000000014,superadditive
ViT-B-32,fog,contrast,1,0.22499999999999998,0.10499999999999998,0.419,0.32999999999999996,0.08900000000000002,superadditive
ViT-B-32,fog,shot_noise,1,0.22499999999999998,0.508,0.73,0.733,-0.0030000000000000027,additive
ViT-B-32,jpeg_compression,brightness,1,0.463,0.015000000000000013,0.484,0.47800000000000004,0.00599999999999995,superadditive
ViT-B-32,jpeg_compression,contrast,1,0.463,0.10499999999999998,0.486,0.5680000000000001,-0.08200000000000007,subadditive
ViT-B-32,jpeg_compression,shot_noise,1,0.463,0.508,0.625,0.9710000000000001,-0.3460000000000001,subadditive
ViT-B-32,brightness,contrast,1,0.015000000000000013,0.10499999999999998,0.124,0.12,0.0040000000000000036,additive
ViT-B-32,brightness,shot_noise,1,0.015000000000000013,0.508,0.506,0.523,-0.017000000000000015,subadditive
ViT-B-32,contrast,shot_noise,1,0.10499999999999998,0.508,0.724,0.613,0.11099999999999999,superadditive
ViT-B-32,gaussian_noise,motion_blur,3,0.6890000000000001,0.639,0.73,1.328,-0.5980000000000001,subadditive
ViT-B-32,gaussian_noise,fog,3,0.6890000000000001,0.463,0.737,1.1520000000000001,-0.41500000000000015,subadditive
ViT-B-32,gaussian_noise,jpeg_compression,3,0.6890000000000001,0.598,0.659,1.287,-0.6279999999999999,subadditive
ViT-B-32,gaussian_noise,brightness,3,0.6890000000000001,0.127,0.71,0.8160000000000001,-0.1060000000000001,subadditive
ViT-B-32,gaussian_noise,contrast,3,0.6890000000000001,0.278,0.713,0.9670000000000001,-0.2540000000000001,subadditive
ViT-B-32,gaussian_noise,shot_noise,3,0.6890000000000001,0.704,0.729,1.393,-0.664,subadditive
ViT-B-32,motion_blur,fog,3,0.639,0.463,0.739,1.102,-0.3630000000000001,subadditive
ViT-B-32,motion_blur,jpeg_compression,3,0.639,0.598,0.714,1.237,-0.5230000000000001,subadditive
ViT-B-32,motion_blur,brightness,3,0.639,0.127,0.658,0.766,-0.10799999999999998,subadditive
ViT-B-32,motion_blur,contrast,3,0.639,0.278,0.726,0.917,-0.19100000000000006,subadditive
ViT-B-32,motion_blur,shot_noise,3,0.639,0.704,0.736,1.343,-0.607,subadditive
ViT-B-32,fog,jpeg_compression,3,0.463,0.598,0.731,1.061,-0.32999999999999996,subadditive
ViT-B-32,fog,brightness,3,0.463,0.127,0.499,0.5900000000000001,-0.09100000000000008,subadditive
ViT-B-32,fog,contrast,3,0.463,0.278,0.704,0.7410000000000001,-0.037000000000000144,subadditive
ViT-B-32,fog,shot_noise,3,0.463,0.704,0.744,1.167,-0.42300000000000004,subadditive
ViT-B-32,jpeg_compression,brightness,3,0.598,0.127,0.608,0.725,-0.11699999999999999,subadditive
ViT-B-32,jpeg_compression,contrast,3,0.598,0.278,0.623,0.876,-0.253,subadditive
ViT-B-32,jpeg_compression,shot_noise,3,0.598,0.704,0.721,1.302,-0.5810000000000001,subadditive
ViT-B-32,brightness,contrast,3,0.127,0.278,0.36,0.405,-0.04500000000000004,subadditive
ViT-B-32,brightness,shot_noise,3,0.127,0.704,0.708,0.831,-0.123,subadditive
ViT-B-32,contrast,shot_noise,3,0.278,0.704,0.736,0.982,-0.246,subadditive
ViT-B-32,gaussian_noise,motion_blur,5,0.736,0.701,0.741,1.4369999999999998,-0.6959999999999998,subadditive
ViT-B-32,gaussian_noise,fog,5,0.736,0.679,0.744,1.415,-0.671,subadditive
ViT-B-32,gaussian_noise,jpeg_compression,5,0.736,0.676,0.725,1.412,-0.6869999999999999,subadditive
ViT-B-32,gaussian_noise,brightness,5,0.736,0.262,0.738,0.998,-0.26,subadditive
ViT-B-32,gaussian_noise,contrast,5,0.736,0.625,0.739,1.361,-0.622,subadditive
ViT-B-32,gaussian_noise,shot_noise,5,0.736,0.737,0.745,1.4729999999999999,-0.7279999999999999,subadditive
ViT-B-32,motion_blur,fog,5,0.701,0.679,0.743,1.38,-0.6369999999999999,subadditive
ViT-B-32,motion_blur,jpeg_compression,5,0.701,0.676,0.734,1.377,-0.643,subadditive
ViT-B-32,motion_blur,brightness,5,0.701,0.262,0.718,0.963,-0.245,subadditive
ViT-B-32,motion_blur,contrast,5,0.701,0.625,0.737,1.326,-0.5890000000000001,subadditive
ViT-B-32,motion_blur,shot_noise,5,0.701,0.737,0.744,1.438,-0.694,subadditive
ViT-B-32,fog,jpeg_compression,5,0.679,0.676,0.74,1.355,-0.615,subadditive
ViT-B-32,fog,brightness,5,0.679,0.262,0.657,0.9410000000000001,-0.28400000000000003,subadditive
ViT-B-32,fog,contrast,5,0.679,0.625,0.738,1.304,-0.5660000000000001,subadditive
ViT-B-32,fog,shot_noise,5,0.679,0.737,0.745,1.416,-0.6709999999999999,subadditive
ViT-B-32,jpeg_compression,brightness,5,0.676,0.262,0.69,0.9380000000000001,-0.2480000000000001,subadditive
ViT-B-32,jpeg_compression,contrast,5,0.676,0.625,0.717,1.3010000000000002,-0.5840000000000002,subadditive
ViT-B-32,jpeg_compression,shot_noise,5,0.676,0.737,0.741,1.413,-0.672,subadditive
ViT-B-32,brightness,contrast,5,0.262,0.625,0.66,0.887,-0.22699999999999998,subadditive
ViT-B-32,brightness,shot_noise,5,0.262,0.737,0.738,0.999,-0.261,subadditive
ViT-B-32,contrast,shot_noise,5,0.625,0.737,0.743,1.362,-0.6190000000000001,subadditive
ViT-B-16,gaussian_noise,motion_blur,1,0.447,0.37400000000000005,0.671,0.8210000000000001,-0.15000000000000002,subadditive
ViT-B-16,gaussian_noise,fog,1,0.447,0.22799999999999998,0.6160000000000001,0.675,-0.05899999999999994,subadditive
ViT-B-16,gaussian_noise,jpeg_compression,1,0.447,0.509,0.559,0.956,-0.3969999999999999,subadditive
ViT-B-16,gaussian_noise,brightness,1,0.447,0.02400000000000002,0.5050000000000001,0.47100000000000003,0.034000000000000086,superadditive
ViT-B-16,gaussian_noise,contrast,1,0.447,0.121,0.48100000000000004,0.5680000000000001,-0.08700000000000002,subadditive
ViT-B-16,gaussian_noise,shot_noise,1,0.447,0.5030000000000001,0.605,0.9500000000000002,-0.3450000000000002,subadditive
ViT-B-16,motion_blur,fog,1,0.37400000000000005,0.22799999999999998,0.621,0.6020000000000001,0.018999999999999906,superadditive
ViT-B-16,motion_blur,jpeg_compression,1,0.37400000000000005,0.509,0.645,0.883,-0.238,subadditive
ViT-B-16,motion_blur,brightness,1,0.37400000000000005,0.02400000000000002,0.38000000000000006,0.3980000000000001,-0.018000000000000016,subadditive
ViT-B-16,motion_blur,contrast,1,0.37400000000000005,0.121,0.522,0.49500000000000005,0.02699999999999997,superadditive
ViT-B-16,motion_blur,shot_noise,1,0.37400000000000005,0.5030000000000001,0.73,0.8770000000000002,-0.14700000000000024,subadditive
ViT-B-16,fog,jpeg_compression,1,0.22799999999999998,0.509,0.72,0.737,-0.017000000000000015,subadditive
ViT-B-16,fog,brightness,1,0.22799999999999998,0.02400000000000002,0.22999999999999998,0.252,-0.02200000000000002,subadditive
ViT-B-16,fog,contrast,1,0.22799999999999998,0.121,0.42000000000000004,0.349,0.07100000000000006,superadditive
ViT-B-16,fog,shot_noise,1,0.22799999999999998,0.5030000000000001,0.762,0.7310000000000001,0.030999999999999917,superadditive
ViT-B-16,jpeg_compression,brightness,1,0.509,0.02400000000000002,0.521,0.533,-0.01200000000000001,subadditive
ViT-B-16,jpeg_compression,contrast,1,0.509,0.121,0.523,0.63,-0.10699999999999998,subadditive
ViT-B-16,jpeg_compression,shot_noise,1,0.509,0.5030000000000001,0.646,1.012,-0.366,subadditive
ViT-B-16,brightness,contrast,1,0.02400000000000002,0.121,0.129,0.14500000000000002,-0.016000000000000014,subadditive
ViT-B-16,brightness,shot_noise,1,0.02400000000000002,0.5030000000000001,0.509,0.5270000000000001,-0.018000000000000127,subadditive
ViT-B-16,contrast,shot_noise,1,0.121,0.5030000000000001,0.742,0.6240000000000001,0.11799999999999988,superadditive
ViT-B-16,gaussian_noise,motion_blur,3,0.7040000000000001,0.666,0.77,1.37,-0.6000000000000001,subadditive
ViT-B-16,gaussian_noise,fog,3,0.7040000000000001,0.48400000000000004,0.761,1.1880000000000002,-0.42700000000000016,subadditive
ViT-B-16,gaussian_noise,jpeg_compression,3,0.7040000000000001,0.636,0.7030000000000001,1.34,-0.637,subadditive
ViT-B-16,gaussian_noise,brightness,3,0.7040000000000001,0.128,0.733,0.8320000000000001,-0.09900000000000009,subadditive
ViT-B-16,gaussian_noise,contrast,3,0.7040000000000001,0.29900000000000004,0.726,1.0030000000000001,-0.27700000000000014,subadditive
ViT-B-16,gaussian_noise,shot_noise,3,0.7040000000000001,0.6960000000000001,0.748,1.4000000000000001,-0.6520000000000001,subadditive
ViT-B-16,motion_blur,fog,3,0.666,0.48400000000000004,0.773,1.1500000000000001,-0.3770000000000001,subadditive
ViT-B-16,motion_blur,jpeg_compression,3,0.666,0.636,0.763,1.302,-0.539,subadditive
ViT-B-16,motion_blur,brightness,3,0.666,0.128,0.7020000000000001,0.794,-0.09199999999999997,subadditive
ViT-B-16,motion_blur,contrast,3,0.666,0.29900000000000004,0.76,0.9650000000000001,-0.20500000000000007,subadditive
ViT-B-16,motion_blur,shot_noise,3,0.666,0.6960000000000001,0.768,1.362,-0.5940000000000001,subadditive
ViT-B-16,fog,jpeg_compression,3,0.48400000000000004,0.636,0.768,1.12,-0.3520000000000001,subadditive
ViT-B-16,fog,brightness,3,0.48400000000000004,0.128,0.506,0.6120000000000001,-0.1060000000000001,subadditive
ViT-B-16,fog,contrast,3,0.48400000000000004,0.29900000000000004,0.7230000000000001,0.7830000000000001,-0.06000000000000005,subadditive
ViT-B-16,fog,shot_noise,3,0.48400000000000004,0.6960000000000001,0.776,1.1800000000000002,-0.40400000000000014,subadditive
ViT-B-16,jpeg_compression,brightness,3,0.636,0.128,0.653,0.764,-0.11099999999999999,subadditive
ViT-B-16,jpeg_compression,contrast,3,0.636,0.29900000000000004,0.672,0.935,-0.263,subadditive
ViT-B-16,jpeg_compression,shot_noise,3,0.636,0.6960000000000001,0.728,1.332,-0.6040000000000001,subadditive
ViT-B-16,brightness,contrast,3,0.128,0.29900000000000004,0.36700000000000005,0.42700000000000005,-0.06,subadditive
ViT-B-16,brightness,shot_noise,3,0.128,0.6960000000000001,0.734,0.8240000000000001,-0.09000000000000008,subadditive
ViT-B-16,contrast,shot_noise,3,0.29900000000000004,0.6960000000000001,0.768,0.9950000000000001,-0.2270000000000001,subadditive
ViT-B-16,gaussian_noise,motion_blur,5,0.769,0.726,0.778,1.495,-0.7170000000000001,subadditive
ViT-B-16,gaussian_noise,fog,5,0.769,0.7080000000000001,0.773,1.477,-0.7040000000000001,subadditive
ViT-B-16,gaussian_noise,jpeg_compression,5,0.769,0.72,0.765,1.4889999999999999,-0.7239999999999999,subadditive
ViT-B-16,gaussian_noise,brightness,5,0.769,0.30500000000000005,0.768,1.074,-0.30600000000000005,subadditive
ViT-B-16,gaussian_noise,contrast,5,0.769,0.663,0.773,1.432,-0.6589999999999999,subadditive
ViT-B-16,gaussian_noise,shot_noise,5,0.769,0.767,0.778,1.536,-0.758,subadditive
ViT-B-16,motion_blur,fog,5,0.726,0.7080000000000001,0.776,1.4340000000000002,-0.6580000000000001,subadditive
ViT-B-16,motion_blur,jpeg_compression,5,0.726,0.72,0.772,1.446,-0.6739999999999999,subadditive
ViT-B-16,motion_blur,brightness,5,0.726,0.30500000000000005,0.752,1.0310000000000001,-0.27900000000000014,subadditive
ViT-B-16,motion_blur,contrast,5,0.726,0.663,0.772,1.389,-0.617,subadditive
ViT-B-16,motion_blur,shot_noise,5,0.726,0.767,0.776,1.4929999999999999,-0.7169999999999999,subadditive
ViT-B-16,fog,jpeg_compression,5,0.7080000000000001,0.72,0.773,1.428,-0.6549999999999999,subadditive
ViT-B-16,fog,brightness,5,0.7080000000000001,0.30500000000000005,0.674,1.0130000000000001,-0.3390000000000001,subadditive
ViT-B-16,fog,contrast,5,0.7080000000000001,0.663,0.773,1.371,-0.598,subadditive
ViT-B-16,fog,shot_noise,5,0.7080000000000001,0.767,0.774,1.475,-0.7010000000000001,subadditive
ViT-B-16,jpeg_compression,brightness,5,0.72,0.30500000000000005,0.732,1.025,-0.2929999999999999,subadditive
ViT-B-16,jpeg_compression,contrast,5,0.72,0.663,0.758,1.383,-0.625,subadditive
ViT-B-16,jpeg_compression,shot_noise,5,0.72,0.767,0.767,1.487,-0.7200000000000001,subadditive
ViT-B-16,brightness,contrast,5,0.30500000000000005,0.663,0.6970000000000001,0.9680000000000001,-0.271,subadditive
ViT-B-16,brightness,shot_noise,5,0.30500000000000005,0.767,0.768,1.072,-0.30400000000000005,subadditive
ViT-B-16,contrast,shot_noise,5,0.663,0.767,0.771,1.4300000000000002,-0.6590000000000001,subadditive
ViT-L-14,gaussian_noise,motion_blur,1,0.417,0.33899999999999997,0.619,0.756,-0.137,subadditive
ViT-L-14,gaussian_noise,fog,1,0.417,0.22799999999999998,0.585,0.645,-0.06000000000000005,subadditive
ViT-L-14,gaussian_noise,jpeg_compression,1,0.417,0.49,0.57,0.907,-0.3370000000000001,subadditive
ViT-L-14,gaussian_noise,brightness,1,0.417,0.02200000000000002,0.42899999999999994,0.439,-0.010000000000000064,subadditive
ViT-L-14,gaussian_noise,contrast,1,0.417,0.08199999999999996,0.46499999999999997,0.49899999999999994,-0.033999999999999975,subadditive
ViT-L-14,gaussian_noise,shot_noise,1,0.417,0.46099999999999997,0.583,0.8779999999999999,-0.29499999999999993,subadditive
ViT-L-14,motion_blur,fog,1,0.33899999999999997,0.22799999999999998,0.6499999999999999,0.567,0.08299999999999996,superadditive
ViT-L-14,motion_blur,jpeg_compression,1,0.33899999999999997,0.49,0.663,0.829,-0.16599999999999993,subadditive
ViT-L-14,motion_blur,brightness,1,0.33899999999999997,0.02200000000000002,0.37799999999999995,0.361,0.01699999999999996,superadditive
ViT-L-14,motion_blur,contrast,1,0.33899999999999997,0.08199999999999996,0.49199999999999994,0.42099999999999993,0.07100000000000001,superadditive
ViT-L-14,motion_blur,shot_noise,1,0.33899999999999997,0.46099999999999997,0.75,0.7999999999999999,-0.04999999999999993,subadditive
ViT-L-14,fog,jpeg_compression,1,0.22799999999999998,0.49,0.752,0.718,0.03400000000000003,superadditive
ViT-L-14,fog,brightness,1,0.22799999999999998,0.02200000000000002,0.20899999999999996,0.25,-0.041000000000000036,subadditive
ViT-L-14,fog,contrast,1,0.22799999999999998,0.08199999999999996,0.39599999999999996,0.30999999999999994,0.08600000000000002,superadditive
ViT-L-14,fog,shot_noise,1,0.22799999999999998,0.46099999999999997,0.7989999999999999,0.689,0.10999999999999999,superadditive
ViT-L-14,jpeg_compression,brightness,1,0.49,0.02200000000000002,0.508,0.512,-0.0040000000000000036,additive
ViT-L-14,jpeg_compression,contrast,1,0.49,0.08199999999999996,0.5209999999999999,0.572,-0.051000000000000045,subadditive
ViT-L-14,jpeg_compression,shot_noise,1,0.49,0.46099999999999997,0.631,0.951,-0.31999999999999995,subadditive
ViT-L-14,brightness,contrast,1,0.02200000000000002,0.08199999999999996,0.10399999999999998,0.10399999999999998,0.0,additive
ViT-L-14,brightness,shot_noise,1,0.02200000000000002,0.46099999999999997,0.473,0.483,-0.010000000000000009,subadditive
ViT-L-14,contrast,shot_noise,1,0.08199999999999996,0.46099999999999997,0.77,0.5429999999999999,0.2270000000000001,superadditive
ViT-L-14,gaussian_noise,motion_blur,3,0.692,0.693,0.814,1.3849999999999998,-0.5709999999999998,subadditive
ViT-L-14,gaussian_noise,fog,3,0.692,0.48,0.7929999999999999,1.172,-0.379,subadditive
ViT-L-14,gaussian_noise,jpeg_compression,3,0.692,0.6319999999999999,0.736,1.3239999999999998,-0.5879999999999999,subadditive
ViT-L-14,gaussian_noise,brightness,3,0.692,0.11599999999999999,0.74,0.8079999999999999,-0.06799999999999995,subadditive
ViT-L-14,gaussian_noise,contrast,3,0.692,0.23299999999999998,0.748,0.9249999999999999,-0.17699999999999994,subadditive
ViT-L-14,gaussian_noise,shot_noise,3,0.692,0.71,0.7649999999999999,1.402,-0.637,subadditive
ViT-L-14,motion_blur,fog,3,0.693,0.48,0.823,1.173,-0.3500000000000001,subadditive
ViT-L-14,motion_blur,jpeg_compression,3,0.693,0.6319999999999999,0.7969999999999999,1.3249999999999997,-0.5279999999999998,subadditive
ViT-L-14,motion_blur,brightness,3,0.693,0.11599999999999999,0.73,0.8089999999999999,-0.07899999999999996,subadditive
ViT-L-14,motion_blur,contrast,3,0.693,0.23299999999999998,0.7989999999999999,0.9259999999999999,-0.127,subadditive
ViT-L-14,motion_blur,shot_noise,3,0.693,0.71,0.816,1.403,-0.5870000000000001,subadditive
ViT-L-14,fog,jpeg_compression,3,0.48,0.6319999999999999,0.813,1.1119999999999999,-0.29899999999999993,subadditive
ViT-L-14,fog,brightness,3,0.48,0.11599999999999999,0.491,0.596,-0.10499999999999998,subadditive
ViT-L-14,fog,contrast,3,0.48,0.23299999999999998,0.745,0.713,0.03200000000000003,superadditive
ViT-L-14,fog,shot_noise,3,0.48,0.71,0.82,1.19,-0.37,subadditive
ViT-L-14,jpeg_compression,brightness,3,0.6319999999999999,0.11599999999999999,0.6809999999999999,0.7479999999999999,-0.06699999999999995,subadditive
ViT-L-14,jpeg_compression,contrast,3,0.6319999999999999,0.23299999999999998,0.6639999999999999,0.8649999999999999,-0.20099999999999996,subadditive
ViT-L-14,jpeg_compression,shot_noise,3,0.6319999999999999,0.71,0.764,1.3419999999999999,-0.5779999999999998,subadditive
ViT-L-14,brightness,contrast,3,0.11599999999999999,0.23299999999999998,0.31099999999999994,0.349,-0.038000000000000034,subadditive
ViT-L-14,brightness,shot_noise,3,0.11599999999999999,0.71,0.748,0.826,-0.07799999999999996,subadditive
ViT-L-14,contrast,shot_noise,3,0.23299999999999998,0.71,0.818,0.943,-0.125,subadditive
ViT-L-14,gaussian_noise,motion_blur,5,0.8029999999999999,0.7809999999999999,0.816,1.5839999999999999,-0.7679999999999999,subadditive
ViT-L-14,gaussian_noise,fog,5,0.8029999999999999,0.753,0.818,1.556,-0.7380000000000001,subadditive
ViT-L-14,gaussian_noise,jpeg_compression,5,0.8029999999999999,0.758,0.813,1.561,-0.748,subadditive
ViT-L-14,gaussian_noise,brightness,5,0.8029999999999999,0.29799999999999993,0.815,1.101,-0.28600000000000003,subadditive
ViT-L-14,gaussian_noise,contrast,5,0.8029999999999999,0.602,0.816,1.4049999999999998,-0.5889999999999999,subadditive
ViT-L-14,gaussian_noise,shot_noise,5,0.8029999999999999,0.7969999999999999,0.818,1.5999999999999999,-0.7819999999999999,subadditive
ViT-L-14,motion_blur,fog,5,0.7809999999999999,0.753,0.816,1.5339999999999998,-0.7179999999999999,subadditive
ViT-L-14,motion_blur,jpeg_compression,5,0.7809999999999999,0.758,0.815,1.539,-0.724,subadditive
ViT-L-14,motion_blur,brightness,5,0.7809999999999999,0.29799999999999993,0.7929999999999999,1.0789999999999997,-0.2859999999999998,subadditive
ViT-L-14,motion_blur,contrast,5,0.7809999999999999,0.602,0.813,1.383,-0.5700000000000001,subadditive
ViT-L-14,motion_blur,shot_noise,5,0.7809999999999999,0.7969999999999999,0.82,1.5779999999999998,-0.7579999999999999,subadditive
ViT-L-14,fog,jpeg_compression,5,0.753,0.758,0.819,1.5110000000000001,-0.6920000000000002,subadditive
ViT-L-14,fog,brightness,5,0.753,0.29799999999999993,0.724,1.051,-0.32699999999999996,subadditive
ViT-L-14,fog,contrast,5,0.753,0.602,0.82,1.355,-0.535,subadditive
ViT-L-14,fog,shot_noise,5,0.753,0.7969999999999999,0.82,1.5499999999999998,-0.7299999999999999,subadditive
ViT-L-14,jpeg_compression,brightness,5,0.758,0.29799999999999993,0.7849999999999999,1.056,-0.27100000000000013,subadditive
ViT-L-14,jpeg_compression,contrast,5,0.758,0.602,0.7789999999999999,1.3599999999999999,-0.581,subadditive
ViT-L-14,jpeg_compression,shot_noise,5,0.758,0.7969999999999999,0.8059999999999999,1.555,-0.749,subadditive
ViT-L-14,brightness,contrast,5,0.29799999999999993,0.602,0.6639999999999999,0.8999999999999999,-0.236,subadditive
ViT-L-14,brightness,shot_noise,5,0.29799999999999993,0.7969999999999999,0.813,1.0949999999999998,-0.2819999999999998,subadditive
ViT-L-14,contrast,shot_noise,5,0.602,0.7969999999999999,0.819,1.399,-0.5800000000000001,subadditive
